weibo_handle,group_name,weibo_uid,profile_url,status
惑星VORTEX,惑星VORTEX,6596154111,https://weibo.com/u/6596154111,verified
碎夜瑠璃LapisLazuli,碎夜瑠璃LapisLazuli,7925233355,https://weibo.com/u/7925233355,verified
ANNYX_official,ANNYX,7972569707,https://weibo.com/u/7972569707,verified
Misology_official,Misology,7979554129,https://weibo.com/u/7979554129,verified
StarWinK,StarWinK,7544960611,https://weibo.com/u/7544960611,verified
StarLight_offical,StarLight,7857163280,https://weibo.com/u/7857163280,verified
StarAx1s,StarAx1s,7953472096,https://weibo.com/u/7953472096,verified
SparkleOfficial,Sparkle,9079552760,https://weibo.com/u/9079552760,verified
VesperaOfficial,Vespera,8406429814,https://weibo.com/u/8406429814,verified
AstoriaOfficial,Astoria,7969451525,https://weibo.com/u/7969451525,verified
凌晨12点_Official,凌晨12点,6260769096,https://weibo.com/u/6260769096,verified
SOLAMENTE_OFFICIAL,SOLAMENTE,7900265129,https://weibo.com/u/7900265129,verified
SUSURRO_OFFICIAL,SUSURRO,4073361032,https://weibo.com/u/4073361032,verified
SUENO_OFFICIAL,SUENO,4006565844,https://weibo.com/u/4006565844,verified
采梦YUMETORI,采梦YUMETORI,7853232559,https://weibo.com/u/7853232559,verified
電波TOXIC,電波TOXIC,7884621691,https://weibo.com/u/7884621691,verified
夢花火YUMEHANABI,夢花火YUMEHANABI,7532605142,https://weibo.com/u/7532605142,verified
幻夢YUMEUTSUTSU,幻夢YUMEUTSUTSU,8403167370,https://weibo.com/u/8403167370,verified
空夢SORAYUME,空夢SORAYUME,8456812505,https://weibo.com/u/8456812505,verified
夢響YUMEHIBIKI,夢響YUMEHIBIKI,9141744758,https://weibo.com/u/9141744758,verified
YUMEDOLL,YUMEDOLL,8271931633,https://weibo.com/u/8271931633,verified
采梦计划Official,采梦计划,9186921076,https://weibo.com/u/9186921076,verified
MIRUGUMI_Official,MIRUGUMI,7867503804,https://weibo.com/u/7867503804,verified
_鲸鱼汽水_,_鲸鱼汽水_,7730716285,https://weibo.com/u/7730716285,verified
夜色特调Carol,夜色特调Carol,2140549692,https://weibo.com/u/2140549692,verified
JADX_official,JADX,8013127107,https://weibo.com/u/8013127107,verified
魅隐EvilSecret,魅隐EvilSecret,7609007975,https://weibo.com/u/7609007975,verified
心动AfterSchool,心动AfterSchool,7545720717,https://weibo.com/u/7545720717,verified
-Agape-,Agape,6294175190,https://weibo.com/u/6294175190,verified
TerrorSickle_offical,TerrorSickle,5635046003,https://weibo.com/u/5635046003,verified
AetherLurk以太猎手,AetherLurk以太猎手,8491554740,https://weibo.com/u/8491554740,verified
SINRETORNO_official,SINRETORNO,8205003815,https://weibo.com/u/8205003815,verified
青空日记Serenitas,青空日记Serenitas,7990767735,https://weibo.com/u/7990767735,verified
Kire_info,Kire_info,7957747504,https://weibo.com/u/7957747504,verified
MetaMates,MetaMates,7791947226,https://weibo.com/u/7791947226,verified
0nline_offical,0nline,7481447888,https://weibo.com/u/7481447888,verified
百色星河,百色星河,7977495207,https://weibo.com/u/7977495207,verified
F1owSec,F1owSec,7805192332,https://weibo.com/u/7805192332,verified
BubbleLabo,BubbleLabo,8000970271,https://weibo.com/u/8000970271,verified
ReNus_Official,ReNus,7986130007,https://weibo.com/u/7986130007,verified
RealizE_Project,RealizE_Project,9106652275,https://weibo.com/u/9106652275,verified
ReJumping_Official,ReJumping,8366736084,https://weibo.com/u/8366736084,verified
DayBreak_official,DayBreak,8389259799,https://weibo.com/u/8389259799,verified
LifeRevolution_official,LifeRevolution,8003765556,https://weibo.com/u/8003765556,verified
本草灵Linga,本草灵Linga,4013273157,https://weibo.com/u/4013273157,verified
INORA_Official,INORA,8232352622,https://weibo.com/u/8232352622,verified
SAKASAMA_OFFICIAL,SAKASAMA,8361936453,https://weibo.com/u/8361936453,verified
心跳序曲Prologue_Official,心跳序曲Prologue,7967851967,https://weibo.com/u/7967851967,verified
ReRa_official-,ReRa,9015693443,https://weibo.com/u/9015693443,verified
蛋黄派Sizzle,蛋黄派Sizzle,7947439764,https://weibo.com/u/7947439764,verified
VELOK_official,VELOK,7996816724,https://weibo.com/u/7996816724,verified
Token_Official,Token,7298525682,https://weibo.com/u/7298525682,verified
花与心事Affloret,花与心事Affloret,7919013782,https://weibo.com/u/7919013782,verified
她蝶效应Psychelles,她蝶效应Psychelles,7998857709,https://weibo.com/u/7998857709,verified
第六页序_official,第六页序,7905575521,https://weibo.com/u/7905575521,verified
-RAIJIN-,RAIJIN,2280398925,https://weibo.com/u/2280398925,verified
ChuPid_Official,ChuPid,7896710776,https://weibo.com/u/7896710776,verified
NULL空值变数,NULL空值变数,7889194912,https://weibo.com/u/7889194912,verified
TrialOfEden_Official,TrialOfEden,7927305267,https://weibo.com/u/7927305267,verified
SugarHeart_糖心计划,SugarHeart_糖心计划,2030310713,https://weibo.com/u/2030310713,verified
TripleOne_official,TripleOne,7373369542,https://weibo.com/u/7373369542,verified
一骑当千XERO,一骑当千XERO,8321544591,https://weibo.com/u/8321544591,verified
一骑当千OneKiss,一骑当千OneKiss,7887751959,https://weibo.com/u/7887751959,verified
一骑当千HiSpark,一骑当千HiSpark,5999784490,https://weibo.com/u/5999784490,verified
轻触心弦FuwaFuwa,轻触心弦FuwaFuwa,7692219327,https://weibo.com/u/7692219327,verified
异色星Harmonia,异色星Harmonia,7950591732,https://weibo.com/u/7950591732,verified
时季SeasonMemories,时季SeasonMemories,7931467523,https://weibo.com/u/7931467523,verified
Fantasy幻想曲_Official,Fantasy幻想曲,5415947145,https://weibo.com/u/5415947145,verified
-FiNA夢-,FiNA夢,7125731001,https://weibo.com/u/7125731001,verified
霓虹信号_NeonEyEs,霓虹信号_NeonEyEs,8013540569,https://weibo.com/u/8013540569,verified
虫信号_BugEyEs,虫信号_BugEyEs,8005207784,https://weibo.com/u/8005207784,verified
Oubaitori_Official,Oubaitori,7995495602,https://weibo.com/u/7995495602,verified
4EYEZ_Official,4EYEZ,7800009262,https://weibo.com/u/7800009262,verified
霜降魔法部FirstFrost,霜降魔法部FirstFrost,7803951971,https://weibo.com/u/7803951971,verified
-Asanagi朝凪-,Asanagi朝凪,9151993601,https://weibo.com/u/9151993601,verified
ANNIHILATE_OFFICIAL,ANNIHILATE,9182652727,https://weibo.com/u/9182652727,verified
ONeGuy_Official,ONeGuy,8209458094,https://weibo.com/u/8209458094,verified
Moza-i,Moza-i,9177405137,https://weibo.com/u/9177405137,verified
回响相簿_Official,回响相簿,9177035085,https://weibo.com/u/9177035085,verified
绝星悖论_info,绝星悖论_info,8362451838,https://weibo.com/u/8362451838,verified
平行幻戒ParallelFantasy,平行幻戒ParallelFantasy,9177970971,https://weibo.com/u/9177970971,verified
末裔幻想MatsueiGensou,末裔幻想MatsueiGensou,8019165180,https://weibo.com/u/8019165180,verified
_Prince_Official_,_Prince,9118384008,https://weibo.com/u/9118384008,verified
KaikiNomad_Official,KaikiNomad,6028024793,https://weibo.com/u/6028024793,verified
EMBEFUSE,EMBEFUSE,8472141732,https://weibo.com/u/8472141732,verified
0X2A_official,0X2A,8289628606,https://weibo.com/u/8289628606,verified
这里有只幽灵humanless,这里有只幽灵humanless,7877704839,https://weibo.com/u/7877704839,verified
ERROZ_Official,ERROZ,5609927495,https://weibo.com/u/5609927495,verified
PixelBeat_Official,PixelBeat,4055727172,https://weibo.com/u/4055727172,verified
原生体X-EobiontX_Official,原生体X-EobiontX,7997751325,https://weibo.com/u/7997751325,verified
予絆TENKIZUNA,予絆TENKIZUNA,8231206346,https://weibo.com/u/8231206346,verified
未定契约Solaris,未定契约Solaris,5552369486,https://weibo.com/u/5552369486,verified
坠入流星之前_BeFaS,坠入流星之前_BeFaS,7922879720,https://weibo.com/u/7922879720,verified
心动存档-official,心动存档,8446797536,https://weibo.com/u/8446797536,verified
CHAOS茶会部_OFFICIAL,CHAOS茶会部,6443811884,https://weibo.com/u/6443811884,verified
ZAPZAP_,ZAPZAP_,6521916177,https://weibo.com/u/6521916177,verified
糖霜进化论_IcingRevolution,糖霜进化论_IcingRevolution,8001784393,https://weibo.com/u/8001784393,verified
集体噩梦症候群_official,集体噩梦症候群,8359868497,https://weibo.com/u/8359868497,verified
FloatingWingS,FloatingWingS,8341330068,https://weibo.com/u/8341330068,verified
PunkySweety朋克甜心,PunkySweety朋克甜心,8336442081,https://weibo.com/u/8336442081,verified
百兽Beastkind_Official,百兽Beastkind,8444135407,https://weibo.com/u/8444135407,verified
SameSky_留学生偶像企划,SameSky_留学生偶像企划,7920994821,https://weibo.com/u/7920994821,verified
Dessugary_午後糖霜,Dessugary_午後糖霜,8263317680,https://weibo.com/u/8263317680,verified
絕対至上主義AXIOM,絕対至上主義AXIOM,9035816390,https://weibo.com/u/9035816390,verified
小猫队Cats_official,小猫队Cats,7933549670,https://weibo.com/u/7933549670,verified
璨Sannka_official,璨Sannka,7982419913,https://weibo.com/u/7982419913,verified
MoonTide月光计划,MoonTide月光计划,9030381348,https://weibo.com/u/9030381348,verified
Aunova星愿一纪_official,Aunova星愿一纪,8005732715,https://weibo.com/u/8005732715,verified
星巡Hoshimeguri,星巡Hoshimeguri,7940384278,https://weibo.com/u/7940384278,verified
娜娜捏口俱乐部,娜娜捏口俱乐部,7735680902,https://weibo.com/u/7735680902,verified
放逐藍星,放逐藍星,,https://weibo.com/n/%E6%94%BE%E9%80%90%E8%97%8D%E6%98%9F,nickname_unavailable
恋音契约,恋音契约,7777196754,https://weibo.com/u/7777196754,verified
StarDiary_offical,StarDiary,7549669146,https://weibo.com/u/7549669146,verified
StarHoneyOfficial,StarHoney,7901112897,https://weibo.com/u/7901112897,verified
空色轨迹Official,空色轨迹,7841518645,https://weibo.com/u/7841518645,verified
弥漫星雲Official,弥漫星雲,5466742004,https://weibo.com/u/5466742004,verified
银烁花火Official,银烁花火,9049244822,https://weibo.com/u/9049244822,verified
SIRIUS_Official,SIRIUS,4071912167,https://weibo.com/u/4071912167,verified
山海誓约_OFFICIAL,山海誓约,7884130361,https://weibo.com/u/7884130361,verified
Yours_official_,Yours,6073121292,https://weibo.com/u/6073121292,verified
DigitalDuel_Official,DigitalDuel,7988564618,https://weibo.com/u/7988564618,verified
Lumina-Official,Lumina,8012215777,https://weibo.com/u/8012215777,verified
空白扑克BlankPoker,空白扑克BlankPoker,7830798257,https://weibo.com/u/7830798257,verified
極夜NightFell,極夜NightFell,7864799082,https://weibo.com/u/7864799082,verified
永昼Eternal,永昼Eternal,7943528678,https://weibo.com/u/7943528678,verified
Diamond_Percent,Diamond_Percent,9114311004,https://weibo.com/u/9114311004,verified
-Purelee-,Purelee,8013612297,https://weibo.com/u/8013612297,verified
ReaLume_Official,ReaLume,7983112875,https://weibo.com/u/7983112875,verified
ReComi_Official,ReComi,8372888310,https://weibo.com/u/8372888310,verified
Rever_Official,Rever,7364564222,https://weibo.com/u/7364564222,verified
ReHeart_Official,ReHeart,7057598265,https://weibo.com/u/7057598265,verified
月匙Moon-Key,月匙Moon-Key,7879504592,https://weibo.com/u/7879504592,verified
道咲Misa-Ku,道咲Misa-Ku,9195236104,https://weibo.com/u/9195236104,verified
Parapara_Official,Parapara,6765538693,https://weibo.com/u/6765538693,verified
午前4時_official,午前4時,7942257229,https://weibo.com/u/7942257229,verified
Neobooster,Neobooster,7950374471,https://weibo.com/u/7950374471,verified
Cascade_Official,Cascade,5363341966,https://weibo.com/u/5363341966,verified
MiraiTowa_info,MiraiTowa_info,7943479278,https://weibo.com/u/7943479278,verified
恶循VICIOCYC_OFFICIAL,恶循VICIOCYC,6306560497,https://weibo.com/u/6306560497,verified
青苔法則,青苔法則,7957054006,https://weibo.com/u/7957054006,verified
UMINE_official,UMINE,7919557370,https://weibo.com/u/7919557370,verified
MeFloar_Online,MeFloar_Online,7945987305,https://weibo.com/u/7945987305,verified
恋时青空_AzuraToki_Official,恋时青空_AzuraToki,8005960120,https://weibo.com/u/8005960120,verified
迷光MIRAST,迷光MIRAST,8303818262,https://weibo.com/u/8303818262,verified
曙星AkeboshiFlash,曙星AkeboshiFlash,7977661987,https://weibo.com/u/7977661987,verified
胧月_official,胧月,7964317545,https://weibo.com/u/7964317545,verified
白夜预言_official,白夜预言,4032188824,https://weibo.com/u/4032188824,verified
绮幻人形KisMetis_official,绮幻人形KisMetis,7982434744,https://weibo.com/u/7982434744,verified
PyonPyonIinkai_official,PyonPyonIinkai,7590494308,https://weibo.com/u/7590494308,verified
Chosen-Star_DG,Chosen-Star_DG,7867583942,https://weibo.com/u/7867583942,verified
Meltic_Official,Meltic,7979158786,https://weibo.com/u/7979158786,verified
心象Nagare,心象Nagare,8447113873,https://weibo.com/u/8447113873,verified
MAMOHOSHI_official,MAMOHOSHI,6661812238,https://weibo.com/u/6661812238,verified
Angelic_Official,Angelic,6063008162,https://weibo.com/u/6063008162,verified
Evila_Official,Evila,4008008764,https://weibo.com/u/4008008764,verified
Faelune_official,Faelune,8293434874,https://weibo.com/u/8293434874,verified
荆棘谷ThornValley,荆棘谷ThornValley,8492918359,https://weibo.com/u/8492918359,verified
宫灯百合SanderSonia,宫灯百合SanderSonia,6475736725,https://weibo.com/u/6475736725,verified
SeaFoam_official,SeaFoam,8232845446,https://weibo.com/u/8232845446,verified
Chummy花恋_Official,Chummy花恋,8314782269,https://weibo.com/u/8314782269,verified
BoopyBite_,BoopyBite_,2141625932,https://weibo.com/u/2141625932,verified
SmokyCandy_official,SmokyCandy,7997848964,https://weibo.com/u/7997848964,verified
LAMENTiS-Official,LAMENTiS,8264720433,https://weibo.com/u/8264720433,verified
Fuwafuwa夢_Official,Fuwafuwa夢,6055634313,https://weibo.com/u/6055634313,verified
虚影Shadow_official,虚影Shadow,9154323235,https://weibo.com/u/9154323235,verified
天枢Polaris_Official,天枢Polaris,9026139384,https://weibo.com/u/9026139384,verified
TokiMeki_official,TokiMeki,9028500887,https://weibo.com/u/9028500887,verified
永续茶会TheSoiree_Official,永续茶会TheSoiree,7900435368,https://weibo.com/u/7900435368,verified
SunnyPetit,SunnyPetit,9059123321,https://weibo.com/u/9059123321,verified
DreamHell_夢境地獄,DreamHell_夢境地獄,8007185147,https://weibo.com/u/8007185147,verified
Boundless_IDOL,Boundless_IDOL,7944774134,https://weibo.com/u/7944774134,verified
跃动青空_AzuraJump_Official,跃动青空_AzuraJump,4050449755,https://weibo.com/u/4050449755,verified
风铃祈愿_,风铃祈愿_,7996725814,https://weibo.com/u/7996725814,verified
REX狂想曲,REX狂想曲,4001823244,https://weibo.com/u/4001823244,verified
当第一道裂缝出现时我所见到的,当第一道裂缝出现时我所见到的,7880173933,https://weibo.com/u/7880173933,verified
ReaLink_,ReaLink_,7887741461,https://weibo.com/u/7887741461,verified
ReCream_Official,ReCream,8378310629,https://weibo.com/u/8378310629,verified
心率研究所DOKISPEED,心率研究所DOKISPEED,7867305573,https://weibo.com/u/7867305573,verified
DOKISTAR_official,DOKISTAR,7986470900,https://weibo.com/u/7986470900,verified
CupiLove_official,CupiLove,5725783292,https://weibo.com/u/5725783292,verified
PULMETHUS,PULMETHUS,8014141878,https://weibo.com/u/8014141878,verified
StarPumpkin_official,StarPumpkin,8250832430,https://weibo.com/u/8250832430,verified
梦镜人偶Maribel,梦镜人偶Maribel,7817642624,https://weibo.com/u/7817642624,verified
绯色苏打_Official,绯色苏打,7878832463,https://weibo.com/u/7878832463,verified
真夜中ELF_Official,真夜中ELF,7949143867,https://weibo.com/u/7949143867,verified
StarX_Official,StarX,8299944268,https://weibo.com/u/8299944268,verified
请给小狗很多爱,请给小狗很多爱,1030926565,https://weibo.com/u/1030926565,verified
落日放映厅-Official,落日放映厅,7964144142,https://weibo.com/u/7964144142,verified
風時計Kazetoke,風時計Kazetoke,8009286150,https://weibo.com/u/8009286150,verified
ECHO-official,ECHO,7924392761,https://weibo.com/u/7924392761,verified
-PokaPokaTime-,PokaPokaTime,7987150865,https://weibo.com/u/7987150865,verified
NoraNeko_Official野良猫俱乐部,NoraNeko_Official野良猫俱乐部,5787034593,https://weibo.com/u/5787034593,verified
狂言绮语_official,狂言绮语,8008308204,https://weibo.com/u/8008308204,verified
羽剑hatoken,羽剑hatoken,4043851842,https://weibo.com/u/4043851842,verified
最终手段AIDORU,最终手段AIDORU,7996863202,https://weibo.com/u/7996863202,verified
Morinori_official,Morinori,8302077686,https://weibo.com/u/8302077686,verified
夏二乘_Official,夏二乘,8005276891,https://weibo.com/u/8005276891,verified
环屿MelodiArch,环屿MelodiArch,9074808856,https://weibo.com/u/9074808856,verified
月下摇曳-official,月下摇曳,6185831573,https://weibo.com/u/6185831573,verified
Remake_Official,Remake,8380788940,https://weibo.com/u/8380788940,verified
Glitch-Reset_偶像团体,Glitch-Reset_偶像团体,5217570283,https://weibo.com/u/5217570283,verified
PA1N-ToO,PA1N-ToO,5630615223,https://weibo.com/u/5630615223,verified
浮世一游,浮世一游,9007382970,https://weibo.com/u/9007382970,verified
蝉鸣骤雨之后_Official,蝉鸣骤雨之后,9052165462,https://weibo.com/u/9052165462,verified
螢石FluorMelo,螢石FluorMelo,7324326901,https://weibo.com/u/7324326901,verified
终到站Terminus,终到站Terminus,9164818103,https://weibo.com/u/9164818103,verified
末日倒计时_Official,末日倒计时,9173705600,https://weibo.com/u/9173705600,verified
AntiSmoke_official,AntiSmoke,8012026265,https://weibo.com/u/8012026265,verified
夜明未满,夜明未满,8276499473,https://weibo.com/u/8276499473,verified
Hatsutori_official,Hatsutori,8005107645,https://weibo.com/u/8005107645,verified
不可解原子_Official,不可解原子,7904843031,https://weibo.com/u/7904843031,verified
BlackingMode_official,BlackingMode,7934555568,https://weibo.com/u/7934555568,verified
idolzoo_Official,idolzoo,7951145216,https://weibo.com/u/7951145216,verified
摩多魔多MottoModuo,摩多魔多MottoModuo,7962270057,https://weibo.com/u/7962270057,verified
PON_official,PON,6118018183,https://weibo.com/u/6118018183,verified
青隅NOISE_official,青隅NOISE,7891075844,https://weibo.com/u/7891075844,verified
ARCHE_PIECE_official,ARCHE_PIECE,8358788113,https://weibo.com/u/8358788113,verified
StarCandy_official,StarCandy,7888575400,https://weibo.com/u/7888575400,verified
StarMelody_official,StarMelody,7989879715,https://weibo.com/u/7989879715,verified
StarRise_official,StarRise,7982217162,https://weibo.com/u/7982217162,verified
StarNight_official,StarNight,6120515559,https://weibo.com/u/6120515559,verified
见习魔女_kokome,见习魔女_kokome,6665190780,https://weibo.com/u/6665190780,verified
_NeonNight_,_NeonNight_,6381830574,https://weibo.com/u/6381830574,verified
風絡KazeNic,風絡KazeNic,7995648699,https://weibo.com/u/7995648699,verified
镜花雪月_公式,镜花雪月_公式,7987448968,https://weibo.com/u/7987448968,verified
Zero正负零_official,Zero正负零,7950254493,https://weibo.com/u/7950254493,verified
NiceQ_official,NiceQ,6988078086,https://weibo.com/u/6988078086,verified
KRACK_official,KRACK,5618456134,https://weibo.com/u/5618456134,verified
永夜Eos_official,永夜Eos,8354520188,https://weibo.com/u/8354520188,verified
梦迹YUMEATO-Official,梦迹YUMEATO,8305787461,https://weibo.com/u/8305787461,verified
锈蚀革命REvolution,锈蚀革命REvolution,6973857941,https://weibo.com/u/6973857941,verified
陨星VoidDive_Official,陨星VoidDive,9007588352,https://weibo.com/u/9007588352,verified
TENKI-official,TENKI,9135259251,https://weibo.com/u/9135259251,verified
夢素Enhancer_Offcial,夢素Enhancer_Offcial,8426292470,https://weibo.com/u/8426292470,verified
MalFleur_Official,MalFleur,9041990664,https://weibo.com/u/9041990664,verified
NoZero零之冕,NoZero零之冕,8311293891,https://weibo.com/u/8311293891,verified
Viva-official,Viva,8219044702,https://weibo.com/u/8219044702,verified
Mew_Project,Mew_Project,9106003426,https://weibo.com/u/9106003426,verified
冽序RASiN_,冽序RASiN_,5045199818,https://weibo.com/u/5045199818,verified
numberX-official,numberX,7890413327,https://weibo.com/u/7890413327,verified
NewLand_Official,NewLand,9000783543,https://weibo.com/u/9000783543,verified
E_A人間計画,E_A人間計画,7855996819,https://weibo.com/u/7855996819,verified
神的爱恋诗_official,神的爱恋诗,7879928465,https://weibo.com/u/7879928465,verified
-EverSummer-,EverSummer,7910606833,https://weibo.com/u/7910606833,verified
CAMELLiA-Official-,CAMELLiA,9189884086,https://weibo.com/u/9189884086,verified
StarShips_official,StarShips,7906178256,https://weibo.com/u/7906178256,verified
躲猫猫PEEKABOO_,躲猫猫PEEKABOO_,6517629246,https://weibo.com/u/6517629246,verified
薛定谔的喵_official,薛定谔的喵,6015467903,https://weibo.com/u/6015467903,verified
NEKUROMA_official,NEKUROMA,8400539613,https://weibo.com/u/8400539613,verified
霧響KiriHibiki,霧響KiriHibiki,4001816246,https://weibo.com/u/4001816246,verified
LensBerry_official,LensBerry,7756708043,https://weibo.com/u/7756708043,verified
夜燐REYN,夜燐REYN,8202187598,https://weibo.com/u/8202187598,verified
夜明序曲Liora_official,夜明序曲Liora,8297057509,https://weibo.com/u/8297057509,verified
LoveLoading_official,LoveLoading,9006970704,https://weibo.com/u/9006970704,verified
StarEcho_Official,StarEcho,4017878407,https://weibo.com/u/4017878407,verified
DollClass,DollClass,7897562017,https://weibo.com/u/7897562017,verified
DollSign,DollSign,9018744049,https://weibo.com/u/9018744049,verified
NeoPop_Official,NeoPop,8007166684,https://weibo.com/u/8007166684,verified
被爱妄想症_official,被爱妄想症,7942116602,https://weibo.com/u/7942116602,verified
MissLetter_official,MissLetter,5912245834,https://weibo.com/u/5912245834,verified
蝴蝶空鏡_MiromaRi,蝴蝶空鏡_MiromaRi,7957941312,https://weibo.com/u/7957941312,verified
TakeBlue_official,TakeBlue,8323024643,https://weibo.com/u/8323024643,verified
KiraRe_Official,KiraRe,6379221815,https://weibo.com/u/6379221815,verified
Last_Calling,Last_Calling,8374875765,https://weibo.com/u/8374875765,verified
TORIAKUMU,TORIAKUMU,9144769703,https://weibo.com/u/9144769703,verified
清醒梦_LuciDream,清醒梦_LuciDream,7962191495,https://weibo.com/u/7962191495,verified
SINVOX,SINVOX,7972370966,https://weibo.com/u/7972370966,verified
夏夜拯救世界_NTSK,夏夜拯救世界_NTSK,7901912800,https://weibo.com/u/7901912800,verified
-Mirage-official,Mirage,7608805247,https://weibo.com/u/7608805247,verified
-猫猫兔Momoto-,猫猫兔Momoto,7993106078,https://weibo.com/u/7993106078,verified
NarakuChaos_info,NarakuChaos_info,7948400205,https://weibo.com/u/7948400205,verified
MagicalStar_Official,MagicalStar,8324915182,https://weibo.com/u/8324915182,verified
UKIYO_official,UKIYO,8449359063,https://weibo.com/u/8449359063,verified
PonPonPick摘泡泡_official,PonPonPick摘泡泡,9196508752,https://weibo.com/u/9196508752,verified
异世界转生_IsekaiTensei,异世界转生_IsekaiTensei,8250884334,https://weibo.com/u/8250884334,verified
麻啾_Majove,麻啾_Majove,9101048440,https://weibo.com/u/9101048440,verified
Mystical-秘境少女,Mystical-秘境少女,7964328842,https://weibo.com/u/7964328842,verified
Chu2_Official,Chu2,5832918977,https://weibo.com/u/5832918977,verified
无尽海Nereids_OFFICIAL,无尽海Nereids,8339747729,https://weibo.com/u/8339747729,verified
CinderellaAcademy辛德瑞拉学院,CinderellaAcademy辛德瑞拉学院,7799685342,https://weibo.com/u/7799685342,verified
-Elara_Official-,Elara,9090451515,https://weibo.com/u/9090451515,verified
Idoloki_official,Idoloki,5894189079,https://weibo.com/u/5894189079,verified
雾海星桥KiriHashi,雾海星桥KiriHashi,8302783574,https://weibo.com/u/8302783574,verified
StAlice_Official,StAlice,7878734235,https://weibo.com/u/7878734235,verified
BPM_official,BPM,7985553689,https://weibo.com/u/7985553689,verified
META_Official,META,4015701047,https://weibo.com/u/4015701047,verified
玻璃纱星_GlassyStar,玻璃纱星_GlassyStar,7790044856,https://weibo.com/u/7790044856,verified
月令时Mirage,月令时Mirage,7806371436,https://weibo.com/u/7806371436,verified
星海蜜语_Official,星海蜜语,9076388739,https://weibo.com/u/9076388739,verified
恋星Koihoshi,恋星Koihoshi,9149752901,https://weibo.com/u/9149752901,verified
空号-Number404,空号-Number404,6942378993,https://weibo.com/u/6942378993,verified
狂想天外剧团,狂想天外剧团,7967400242,https://weibo.com/u/7967400242,verified
KuriLand,KuriLand,4079312714,https://weibo.com/u/4079312714,verified
異面DIVERSE,異面DIVERSE,4082812441,https://weibo.com/u/4082812441,verified
-REIZEN-,REIZEN,7913788678,https://weibo.com/u/7913788678,verified
Vuslat_official,Vuslat,9170211811,https://weibo.com/u/9170211811,verified
TSDD-土笋冻冻,TSDD-土笋冻冻,7843009600,https://weibo.com/u/7843009600,verified
SCM-生草莓,SCM-生草莓,9196498791,https://weibo.com/u/9196498791,verified
Mocha_c0re抹茶核,Mocha_c0re抹茶核,7968050700,https://weibo.com/u/7968050700,verified
YuraSora,YuraSora,7988852586,https://weibo.com/u/7988852586,verified
SoraStar_,SoraStar_,7361396746,https://weibo.com/u/7361396746,verified
Lumina微光,Lumina微光,4057909650,https://weibo.com/u/4057909650,verified
JuiceBrew-汽汐果酿,JuiceBrew-汽汐果酿,7994178497,https://weibo.com/u/7994178497,verified
EXIOM_界外法则,EXIOM_界外法则,8416016207,https://weibo.com/u/8416016207,verified
永恆劇場_ETERNAL,永恆劇場_ETERNAL,8233014677,https://weibo.com/u/8233014677,verified
夢境契約_Official,夢境契約,7974691395,https://weibo.com/u/7974691395,verified
NEKONICO_Official,NEKONICO,7989387284,https://weibo.com/u/7989387284,verified
凛華繚乱_Official,凛華繚乱,7912125142,https://weibo.com/u/7912125142,verified
TriMoment,TriMoment,7408614757,https://weibo.com/u/7408614757,verified
永生日月-official,永生日月,7989169134,https://weibo.com/u/7989169134,verified
水曜日Suiyoubi_Official,水曜日Suiyoubi,8016590922,https://weibo.com/u/8016590922,verified
湮灭秩序_Official,湮灭秩序,8445256957,https://weibo.com/u/8445256957,verified
忍者刀NinjaBlade_Official,忍者刀NinjaBlade,7965987240,https://weibo.com/u/7965987240,verified
V-Dream仮想夢_Official,V-Dream仮想夢,8349102691,https://weibo.com/u/8349102691,verified
冰红茶重度依赖症,冰红茶重度依赖症,9126342274,https://weibo.com/u/9126342274,verified
新建文件夹_official,新建文件夹,7826429328,https://weibo.com/u/7826429328,verified
OROCHI_official,OROCHI,9016017468,https://weibo.com/u/9016017468,verified
MIXUP缤纷派,MIXUP缤纷派,9025822334,https://weibo.com/u/9025822334,verified
星降之夜_Midnight,星降之夜_Midnight,,https://weibo.com/n/%E6%98%9F%E9%99%8D%E4%B9%8B%E5%A4%9C_Midnight,nickname_unavailable
Party2x,Party2x,7799412963,https://weibo.com/u/7799412963,verified
Ekiru_official,Ekiru,7977650956,https://weibo.com/u/7977650956,verified
闪翼flashingwing,闪翼flashingwing,7947990990,https://weibo.com/u/7947990990,verified
間奏15秒_official,間奏15秒,8015773552,https://weibo.com/u/8015773552,verified
罪x罰Masukaredo,罪x罰Masukaredo,8482978123,https://weibo.com/u/8482978123,verified
告白-CONFESSION_Official,告白-CONFESSION,6055700001,https://weibo.com/u/6055700001,verified
行星观测计划_WakuSei,行星观测计划_WakuSei,6785042369,https://weibo.com/u/6785042369,verified
SmileSeeker,SmileSeeker,7987525320,https://weibo.com/u/7987525320,verified
星轨病毒0618,星轨病毒0618,8010691620,https://weibo.com/u/8010691620,verified
-银河药剂StarPotion-,银河药剂StarPotion,7965852533,https://weibo.com/u/7965852533,verified
SweetQuartet_甜蜜四重奏,SweetQuartet_甜蜜四重奏,7971083483,https://weibo.com/u/7971083483,verified
古德古德电力司,古德古德电力司,7980700514,https://weibo.com/u/7980700514,verified
AuroraWhisper_official,AuroraWhisper,8007150917,https://weibo.com/u/8007150917,verified
Mewtel_Official,Mewtel,8369396962,https://weibo.com/u/8369396962,verified
Nebulight_星愿绮绽,Nebulight_星愿绮绽,7908141478,https://weibo.com/u/7908141478,verified
CorisuX_Official,CorisuX,9016168712,https://weibo.com/u/9016168712,verified
KamiZaku神經質_official,KamiZaku神經質,9108716034,https://weibo.com/u/9108716034,verified
爱恋契约_Official,爱恋契约,,https://weibo.com/n/%E7%88%B1%E6%81%8B%E5%A5%91%E7%BA%A6_Official,nickname_unavailable
-DeadLine-死線-,DeadLine-死線,8398975926,https://weibo.com/u/8398975926,verified
EnjoyLife及时行乐,EnjoyLife及时行乐,8015614786,https://weibo.com/u/8015614786,verified
Liviate_official,Liviate,8335452848,https://weibo.com/u/8335452848,verified
透明教室与平行女孩,透明教室与平行女孩,6122892285,https://weibo.com/u/6122892285,verified
信号灯Colorful,信号灯Colorful,7769117738,https://weibo.com/u/7769117738,verified
信号灯Joyful,信号灯Joyful,5974298181,https://weibo.com/u/5974298181,verified
StarFairy_official,StarFairy,6443256025,https://weibo.com/u/6443256025,verified
爆炸软糖CandyBoom,爆炸软糖CandyBoom,7942408786,https://weibo.com/u/7942408786,verified
CandyBubble_Official,CandyBubble,7990341300,https://weibo.com/u/7990341300,verified
H2O戀_Official,H2O戀,7928551468,https://weibo.com/u/7928551468,verified
iceSoda_Official,iceSoda,7923112825,https://weibo.com/u/7923112825,verified
超野_Official,超野,4043751229,https://weibo.com/u/4043751229,verified
灵泛778_official,灵泛778,9135072641,https://weibo.com/u/9135072641,verified
暗夜Symphony,暗夜Symphony,8236973119,https://weibo.com/u/8236973119,verified
Pri-Mary-,Pri-Mary,7719663101,https://weibo.com/u/7719663101,verified
EAUX_Official,EAUX,7897193485,https://weibo.com/u/7897193485,verified
华乐神应纪_official,华乐神应纪,7840803514,https://weibo.com/u/7840803514,verified
Kisment_official,Kisment,4018607601,https://weibo.com/u/4018607601,verified
绝对魔法领域_official,绝对魔法领域,6611437356,https://weibo.com/u/6611437356,verified
REVEAL_Official,REVEAL,8315023911,https://weibo.com/u/8315023911,verified
失落星环_official,失落星环,6174007455,https://weibo.com/u/6174007455,verified
NEOZ_official,NEOZ,8257746955,https://weibo.com/u/8257746955,verified
萬福堂_official,萬福堂,9133726646,https://weibo.com/u/9133726646,verified
MAINPART_OFFICIAL,MAINPART,7477260439,https://weibo.com/u/7477260439,verified
黑匣星_SKStern,黑匣星_SKStern,6115028663,https://weibo.com/u/6115028663,verified
PANDORA_Official,PANDORA,8475410066,https://weibo.com/u/8475410066,verified
纪星GenkiNova,纪星GenkiNova,9002363102,https://weibo.com/u/9002363102,verified
汽水调色盘_official,汽水调色盘,7407471005,https://weibo.com/u/7407471005,verified
X_ARCHIVE待归档,X_ARCHIVE待归档,,https://weibo.com/n/X_ARCHIVE%E5%BE%85%E5%BD%92%E6%A1%A3,nickname_unavailable
電波退廃記録,電波退廃記録,8018446766,https://weibo.com/u/8018446766,verified
火伤游乐园_official,火伤游乐园,9024239746,https://weibo.com/u/9024239746,verified
无限旅境INFINITE_official,无限旅境INFINITE,7939975258,https://weibo.com/u/7939975258,verified
莉莉丝学院_LilithAcademy,莉莉丝学院_LilithAcademy,5990960722,https://weibo.com/u/5990960722,verified
SaltyOrSweet_Official,SaltyOrSweet,7912259483,https://weibo.com/u/7912259483,verified
五碳糖ATUGC_OFFICIAL,五碳糖ATUGC,7849286331,https://weibo.com/u/7849286331,verified
无尽夏SUMMERLOOP,无尽夏SUMMERLOOP,7956631954,https://weibo.com/u/7956631954,verified
星群-Asterism,星群-Asterism,9036335035,https://weibo.com/u/9036335035,verified
Gleams_Official,Gleams,7972735157,https://weibo.com/u/7972735157,verified
小狗俱乐部_PuppyClub,小狗俱乐部_PuppyClub,7098862480,https://weibo.com/u/7098862480,verified
绣球来信-Hydrangea,绣球来信-Hydrangea,8334299997,https://weibo.com/u/8334299997,verified
夜明之前-Yoakemae,夜明之前-Yoakemae,7915736629,https://weibo.com/u/7915736629,verified
NezMax_Official,NezMax,7985248646,https://weibo.com/u/7985248646,verified
空音和弦Eschord_Official,空音和弦Eschord,7915524608,https://weibo.com/u/7915524608,verified
UMELive_official,UMELive,5232796310,https://weibo.com/u/5232796310,verified
ParaDoki_Official,ParaDoki,7798439893,https://weibo.com/u/7798439893,verified
ViceVerse_善恶反转,ViceVerse_善恶反转,7817455308,https://weibo.com/u/7817455308,verified
RibbonAngel_Official,RibbonAngel,8015867014,https://weibo.com/u/8015867014,verified
芒星Eclipse,芒星Eclipse,3198751751,https://weibo.com/u/3198751751,verified
Binary_Official,Binary,7923353052,https://weibo.com/u/7923353052,verified
波子汽水_Ramune地下偶像,波子汽水_Ramune地下偶像,7446728986,https://weibo.com/u/7446728986,verified
昙天Astra,昙天Astra,8424533903,https://weibo.com/u/8424533903,verified
17Go_Official,17Go,7981736831,https://weibo.com/u/7981736831,verified
CRUSH绯音_official,CRUSH绯音,8411080688,https://weibo.com/u/8411080688,verified
幻光少女AuroraElves,幻光少女AuroraElves,7961197936,https://weibo.com/u/7961197936,verified
AuXism_OFFICIAL,AuXism,7981374360,https://weibo.com/u/7981374360,verified
MOGUMOGU_Official,MOGUMOGU,6579150992,https://weibo.com/u/6579150992,verified
Elisa_圣约,Elisa_圣约,7815740021,https://weibo.com/u/7815740021,verified
占星时刻_AstrologicalMoment,占星时刻_AstrologicalMoment,6455717208,https://weibo.com/u/6455717208,verified
Umidol-,Umidol,9002535946,https://weibo.com/u/9002535946,verified
QbeatMagic,QbeatMagic,3509789184,https://weibo.com/u/3509789184,verified
梦汐Nyatsu,梦汐Nyatsu,6748558554,https://weibo.com/u/6748558554,verified
FAnAA-,FAnAA,7552129288,https://weibo.com/u/7552129288,verified
